,strategy,siluetas,calinski,davies
0,meanshift-2,0.39302316656967523,85.44948829847296,1.0300544083789647
1,meanshift-3,0.39302316656967523,85.44948829847296,1.0300544083789647
2,meanshift-4,0.39302316656967523,85.44948829847296,1.0300544083789647
3,meanshift-5,0.39302316656967523,85.44948829847296,1.0300544083789647
4,meanshift-6,0.39302316656967523,85.44948829847296,1.0300544083789647
5,meanshift-7,0.39302316656967523,85.44948829847296,1.0300544083789647
6,meanshift-8,0.39302316656967523,85.44948829847296,1.0300544083789647
7,meanshift-9,0.39302316656967523,85.44948829847296,1.0300544083789647
8,meanshift-10,0.39302316656967523,85.44948829847296,1.0300544083789647
9,meanshift-11,0.39302316656967523,85.44948829847296,1.0300544083789647
10,meanshift-12,0.39302316656967523,85.44948829847296,1.0300544083789647
11,meanshift-13,0.39302316656967523,85.44948829847296,1.0300544083789647
12,meanshift-14,0.39302316656967523,85.44948829847296,1.0300544083789647
13,meanshift-15,0.39302316656967523,85.44948829847296,1.0300544083789647
14,meanshift-16,0.39302316656967523,85.44948829847296,1.0300544083789647
15,meanshift-17,0.39302316656967523,85.44948829847296,1.0300544083789647
16,meanshift-18,0.39302316656967523,85.44948829847296,1.0300544083789647
17,meanshift-19,0.39302316656967523,85.44948829847296,1.0300544083789647
18,meanshift-20,0.39302316656967523,85.44948829847296,1.0300544083789647
19,meanshift-21,0.39302316656967523,85.44948829847296,1.0300544083789647
20,meanshift-22,0.39302316656967523,85.44948829847296,1.0300544083789647
21,meanshift-23,0.39302316656967523,85.44948829847296,1.0300544083789647
22,meanshift-24,0.39302316656967523,85.44948829847296,1.0300544083789647
23,meanshift-25,0.39302316656967523,85.44948829847296,1.0300544083789647
24,meanshift-26,0.39302316656967523,85.44948829847296,1.0300544083789647
25,meanshift-27,0.39302316656967523,85.44948829847296,1.0300544083789647
26,meanshift-28,0.39302316656967523,85.44948829847296,1.0300544083789647
27,meanshift-29,0.39302316656967523,85.44948829847296,1.0300544083789647
