,strategy,siluetas,calinski,davies
0,meanshift-2,0.3246596025266619,96.8230527146588,1.3034829002303017
1,meanshift-3,0.3246596025266619,96.8230527146588,1.3034829002303017
2,meanshift-4,0.3246596025266619,96.8230527146588,1.3034829002303017
3,meanshift-5,0.3246596025266619,96.8230527146588,1.3034829002303017
4,meanshift-6,0.3246596025266619,96.8230527146588,1.3034829002303017
5,meanshift-7,0.3246596025266619,96.8230527146588,1.3034829002303017
6,meanshift-8,0.3246596025266619,96.8230527146588,1.3034829002303017
7,meanshift-9,0.3246596025266619,96.8230527146588,1.3034829002303017
8,meanshift-10,0.3246596025266619,96.8230527146588,1.3034829002303017
9,meanshift-11,0.3246596025266619,96.8230527146588,1.3034829002303017
10,meanshift-12,0.3246596025266619,96.8230527146588,1.3034829002303017
11,meanshift-13,0.3246596025266619,96.8230527146588,1.3034829002303017
12,meanshift-14,0.3246596025266619,96.8230527146588,1.3034829002303017
13,meanshift-15,0.3246596025266619,96.8230527146588,1.3034829002303017
14,meanshift-16,0.3246596025266619,96.8230527146588,1.3034829002303017
15,meanshift-17,0.3246596025266619,96.8230527146588,1.3034829002303017
16,meanshift-18,0.3246596025266619,96.8230527146588,1.3034829002303017
17,meanshift-19,0.3246596025266619,96.8230527146588,1.3034829002303017
18,meanshift-20,0.3246596025266619,96.8230527146588,1.3034829002303017
19,meanshift-21,0.3246596025266619,96.8230527146588,1.3034829002303017
20,meanshift-22,0.3246596025266619,96.8230527146588,1.3034829002303017
21,meanshift-23,0.3246596025266619,96.8230527146588,1.3034829002303017
22,meanshift-24,0.3246596025266619,96.8230527146588,1.3034829002303017
23,meanshift-25,0.3246596025266619,96.8230527146588,1.3034829002303017
24,meanshift-26,0.3246596025266619,96.8230527146588,1.3034829002303017
25,meanshift-27,0.3246596025266619,96.8230527146588,1.3034829002303017
26,meanshift-28,0.3246596025266619,96.8230527146588,1.3034829002303017
27,meanshift-29,0.3246596025266619,96.8230527146588,1.3034829002303017
