,strategy,siluetas,calinski,davies
0,affinity-0.5,0.26988919727688754,61.07866433989369,1.5098529466480184
1,affinity-0.55,0.26988919727688754,61.07866433989369,1.5098529466480184
2,affinity-0.6000000000000001,0.26988919727688754,61.07866433989369,1.5098529466480184
3,affinity-0.6500000000000001,0.26988919727688754,61.07866433989369,1.5098529466480184
4,affinity-0.7000000000000002,0.26988919727688754,61.07866433989369,1.5098529466480184
5,affinity-0.7500000000000002,0.26988919727688754,61.07866433989369,1.5098529466480184
6,affinity-0.8000000000000003,0.26988919727688754,61.07866433989369,1.5098529466480184
7,affinity-0.8500000000000003,0.26988919727688754,61.07866433989369,1.5098529466480184
8,affinity-0.9000000000000004,0.26988919727688754,61.07866433989369,1.5098529466480184
9,affinity-0.9500000000000004,0.26988919727688754,61.07866433989369,1.5098529466480184
